name	cutA	cutB	res	gainA	gainB	mode	clk	alias	route	input	tap	vca	exc	note
bl_SO_B_A0-Bcw-rcw-both	ccw	cw	cw	12	12	hid	both	lo	A	A	Bbp+Blp	x12	ess.wav	
bl_SO_B_A9-Bcw-rcw-both	9	cw	cw	12	12	hid	both	lo	A	A	Bbp+Blp	x12	ess.wav	
bl_SO_B_A0-Bcw-r3-both	ccw	cw	3	12	12	hid	both	lo	A	A	Bbp+Blp	x12	ess.wav	
bl_SO_B_An-Bcw-rcw-both	12	cw	cw	12	12	hid	both	lo	A	A	Bbp+Blp	x12	ess.wav	
bl_BR_B_An-Bcw-rcw-both	12	cw	cw	12	12	hid	both	lo	A	A	Bbp+Blp	x12	silence15.wav	
bl_MO_B_A0-modeHP-selfosc	ccw	cw	cw	12	12	hp	both	lo	A	A	Bbp+Blp	x12	silence5.wav	
bl_MO_B_A0-modehid-selfosc	ccw	cw	cw	12	12	hid	both	lo	A	A	Bbp+Blp	x12	silence5.wav	
bl_MC_A_cut9-modeHP	9	cw	12	12	12	hp	a	lo	A	A	Abp+Alp	x12	ess.wav	
bl_MC_A_cut9-modehid	9	cw	12	12	12	hid	a	lo	A	A	Abp+Alp	x12	ess.wav	
